{"eigvecs": [[0.5765965547400098, -0.7011827118978572, -0.4193795626845888], [0.5774863932752018, -0.013347700589697923, 0.8162911885295381], [0.577967022107619, 0.7128566780388143, -0.39722723714709784]], "eigvals": [0.1635115564440769, 0.021508783231553794, 0.005054407701411447]}