{"eigvecs": [[0.5717701193513949, 0.7491875427813129, -0.33436051853977933], [0.594015606982595, -0.09693538036615372, 0.7985918799326527], [0.5658837241677757, -0.6552263408735697, -0.5004538469703688]], "eigvals": [0.14652030257268658, 0.04468417395260147, 0.006154684998966484]}